fsurvq@yptgcpg.com,5520723671257324,E135299195I
adkzvb@vhjpixn.com,5521937813816560,C216530304Z
usnmgp@kdchjgi.com,5550613747799594,V869125020P
owdlso@wlvzrmg.com,5321600808012726,S81212364910
djteij@cozrclr.com,5534188883179696,V112737311V
rgbcvv@xwgycmu.com,5531076033079721,G494530129X
srmwkl@eilngxf.com,5458055418401212,D616982443Z
cogabw@kxaktio.com,5241447157965378,C736377239B
ijcdev@udzzytb.com,5348417156135564,11496884150V
bxquwi@kjcjokl.com,5381105440018484,Z318834849I
hoxqyv@hjlctkp.com,5144977303898006,T393564216B
jqbpht@ajdcuob.com,5312683867646825,Z308951579Z
iqboys@pwcjdyx.com,5128902092034316,O788294490K
wrkvmu@cncebrj.com,5292046353647091,W215046302Z
sychox@grkwvhb.com,5577274020885789,P402925372X
herwts@jqxrbfw.com,5256176035991478,C354158458X
dckjjh@jqwjbky.com,5512847806160622,J404627713G
jkwypa@cohllcs.com,5195792162962902,P703955881K
nznooc@aearpox.com,5538525040065118,X116644729R
cbvvxv@rbsrmcb.com,5207390192432602,X114234016P
abtdta@jxdamkc.com,5143807662888648,15961904077C
orxozk@yiprimm.com,5230924549199968,Y215713222Q
khkaez@actttct.com,5218918701224230,P156649658V
ejxgte@aoqxcid.com,5215352464841621,S146392081K
dvdggo@meawqkw.com,5368867363295186,J333418841G
qtqvpr@ptwkjkm.com,5275657245370915,C179777353Q
rkwmrd@vvkdunn.com,5461529941366295,W763648171W
gbywox@sckayfo.com,5438368970396133,J261572209H
rwkboe@ijczhds.com,5203736774027109,P401050782O
mdiaas@npebfju.com,5298921679348968,J679377402G
btzyex@dldyqdc.com,5277609414509912,T457427794E
cqjktj@zarctoq.com,5233180705687646,B184331445T
uxezoj@zkkhwwp.com,5110452341847100,5241312004S
vjortv@etejbps.com,5225079021191079,17287697705Q
kofjzm@pdalkxe.com,5209615036304536,7405253969C
bczlxk@zgjuiia.com,5166291718550324,D698525789J
uaxovb@zhjxhhg.com,5512212079290475,18648868635B
vqukqd@xjkgvoo.com,5133901814245971,P2241597718
xeknlo@tcjkzyc.com,5263053574971412,P325118506P
jbgjey@myxttnc.com,5299368270823131,T933322334F
ybxrki@jeoowpk.com,5528942819566881,X453985718K
qbsijb@mztjnpb.com,5131984886811682,3946237243O
jcgocw@bmrtcbp.com,5577636882844882,J632664341Y
qxwhxh@obqjhyp.com,5150183463094103,H803390809P
jmsuno@usbzila.com,5324285951725097,T322893367H
fkqnpq@qmatyws.com,5138351081262876,R311674530B
eekbcd@nsnbqhp.com,5323549910187900,T944885076Y
morapo@zbkvokk.com,5581301175789013,U273816635S
pojaca@tboksif.com,5419298889560136,Q893522953V
bqaqbn@covvjss.com,5336272451763147,8160786422I
smmcli@tsoggzl.com,5244039553077267,O158509384Z
kcacmb@ddprjlk.com,5577478526772900,Q915723444O
nsakfp@jcctock.com,5330534975409614,P187702016V
nihkwy@oikprti.com,5259444701726793,M26644965612
bkjkqs@moivsvq.com,5545410431921412,X268575916R
jgmgde@cgfrklz.com,5450069365529683,P76962672820
ovtofc@ebbohpe.com,5117652011316491,D227561830Q
oqgnki@fjszhfj.com,5127402285684275,B178856940J
jpybia@eddzrco.com,5244325289425304,X745370755Y
rwchpp@osezyog.com,5435652676579198,Y900382840P
kdhkvw@dyqefke.com,5456021486553922,O545933495K
kdoynl@zxosjpk.com,5329862012961245,X177723942Y
epbkzc@jjchfap.com,5355894180393684,H312739303L
owzwdj@vckzxmr.com,5583858836147459,H541551302F
kvdojg@xobrjap.com,5317196739876046,4514876365K
hqzbpj@jbapkqi.com,5174540832934149,Z610274050V
lchdws@dedlzqw.com,5545210445046630,R808081632E
xxxxlu@bdzzill.com,5320019976731176,19645899162J
bqsorr@kxjzgkt.com,5446339170313863,I60020868013
jtfmtv@oiitgje.com,5170820369926278,B376544274R
kddpbe@jqanjty.com,5221906425223146,X662781563V
wuvexg@caqiviv.com,5152010153971183,Z407398882D
qzjktc@cbxzkjr.com,5473127485792137,Q6518803539
ymizzi@natytro.com,5580309116801301,P787645784X
xxqjrn@xtptfea.com,5440930230465655,R452337718A
ibfikq@szctgrj.com,5521312874319237,O350425110Q
dezxwv@wqjirch.com,5157621836766918,J298859456C
ztfelp@ndoabxp.com,5287958840902524,3475391415S
daswsl@pxqtmoz.com,5266977358386818,5683551920V
xhsyiv@ufcjjqw.com,5226795103798239,R2371399631
hikqeo@bevrzjy.com,5283605950813181,Q546297694B
bixqoy@bvxurwt.com,5445230571391049,K975445265L
jcbuvm@wpzecbj.com,5139028811733355,Y525428617K
kajklj@nqboqbw.com,5237398642262317,B9579485154
pewxma@bvejzbo.com,5125919025965906,O92661991317
xbxkoy@njrpnhq.com,5176454822597551,R996695261E
ptrsjn@sowxynw.com,5497680316025541,P484875342C
hjckfn@iwqwrzo.com,5556619232556138,13224836207R
yzzdzk@xqzxjpq.com,5241448639531689,D40617043515
fwhfks@uejlpcd.com,5351574046680987,J727203057T
ovjxrk@iqcxmbh.com,5324311045683553,X712290855S
oxabrn@enpfhav.com,5441064872498052,F20671515416
nxkxoc@zjizhci.com,5455646112795520,B421098905V
rvzahk@glxrylk.com,5506084616850949,C283748514B
czvoqj@mttzxpn.com,5487761050443249,V14091711816
xrsovp@qrrqgkd.com,5566173898032180,Z590174282E
kvexxi@vqfwbqk.com,5429746436903264,A123391518J
zjvkoz@qreerbc.com,5529142476897146,3961993802J
odoxoe@jobfbpe.com,5105915527684379,S893276441V
qoiqul@enahzkr.com,5387991108890155,1942073232617
pdwrkx@qvqzyop.com,5377482288866894,2809071917S
ijzebe@qjkomuw.com,5448122531248962,Y188081058V
xpxefx@kvxewss.com,5387540622942065,K75430448411
hfhqjz@skkgkwv.com,5439886433522846,5923275560C
bebskf@dfnxqci.com,5578916057690511,18854681111E
bjocoz@woqpvcr.com,5134577052354359,K784158379C
xbcodr@zvtfuvb.com,5413086713184355,Q748355547Y
jjykbw@ystirjp.com,5580133320964766,H529862447K
yrknug@zrobgpi.com,5129177770372515,D399639314J
hpgfre@dnzqwfn.com,5359565098591280,Q685425443R
rorzje@joztrcy.com,5426039771469171,C564433279J
vpldrp@hzvaopl.com,5506183890289566,S414723858K
lzypwc@vvvwoon.com,5249555491644194,18469829684J
ttyagl@kyagdaf.com,5226767909104219,Q13167242417
mkzfjr@oiaogzj.com,5355164940969904,O394781086Q
ogndnx@eypnofz.com,5197872303600203,D734388268J
rxnnyf@rzzkcrx.com,5489208108024660,A298981811V
wxembt@jobyrok.com,5493574542412736,K739088055Z
coqoqy@enywfic.com,5452982108989840,W158136677B
cxzofi@jsjpkeq.com,5395319783983485,12411821485W
qzjdxi@ojoeqfb.com,5359863089127200,D412692360E
pxzice@gijvszq.com,5549584221562887,J230111605F
prvskv@dblywin.com,5591049430425307,E485058463Z
jwxtfm@xjzjmfq.com,5524066869051315,E993476043F
xdckog@dtgcrjc.com,5293411834618476,T727360257N
eqcqyn@plsooix.com,5122483060497864,N906668135T
kqjthc@ripvtbw.com,5356323837776389,Q9697408834
cpzpcv@ikxvjmv.com,5539750078374435,A425198069E
ariori@erprqew.com,5156720518349893,A117355940H
vaxkxn@ozhigtr.com,5374380816834926,O855666537X
azboqx@iynbxpy.com,5378970335462039,6670248157O
qqhxxp@bpvszro.com,5381597722077925,B524477616B
cpdbfw@jeasjmk.com,5421656979449914,J581989366X
qoejth@zvzzhsp.com,5366128629066586,11445248188R
ldjqaz@wqtbljk.com,5207087289008820,W73965840613
cxagev@jnxgeai.com,5354939442594511,T761102153C
swvjrh@ppevspq.com,5301905700941698,M841189894J
zjhswj@cksmcav.com,5591125832405608,17191516310S
vewfhi@rupckki.com,5406135049401451,H954080664P
mpkvpa@wfsvdoa.com,5498713426253239,M574041511Q
wwfbph@fjwqdiu.com,5157894719792802,T277379092F
ctpmkc@kjbkioc.com,5437613617722774,X623281318K
vtzgrh@qoxnbqo.com,5271739829209067,O1658573325
myutbh@gpzvhti.com,5548894882593605,Z78359520116
odiqde@rdopkte.com,5254679453768056,J343944892R
zuovho@dqvbzxj.com,5401305150943402,S786345958K
ckjszc@zzbjoyn.com,5572839647586880,A147904773K
wvbqck@xbknjzo.com,5497933320758775,F255095104W
oopboq@xdyqfvn.com,5567042601854835,A180563775U
tsruqv@lcxajiw.com,5131501498089562,O338571220D
acvkmf@dhpcqrr.com,5565208206045408,T451221845U
rxvrcg@tzsiwxr.com,5427360148097985,A585000317O
ntesaq@ahckvqv.com,5170496362197074,V204737730X
csxmyk@jtjkyrj.com,5308890025407794,A38015454618
sjviej@pneybub.com,5279773418867482,J445881164K
hyohqe@tzcipxd.com,5301602954190847,4124615837J
czazqk@oredbac.com,5430531975724454,F2372984473
vvkvdz@bbcidss.com,5351405776574894,K375546227V
oozbjr@rnqgxfh.com,5181825339706756,H501216804Z
hjytpj@wpqyxjp.com,5465705725224290,J989257317H
bijwem@vwlodjo.com,5336423875729350,O726644817K
zxpovi@ojhvvqo.com,5440743700663091,C1801871411
bpfwtd@erkerbb.com,5454648817979483,S261074919G
sxsgpa@niwkhfo.com,5150930139272426,T871914437K
rsogdt@xahtqie.com,5150123391311740,H253703564I
jjfovp@jqcjtnz.com,5582590866626497,E571068129S
sdneip@pwvbbob.com,5104916252347704,X829520535Z
xbtcta@frbcbet.com,5593938359421537,O7376213288
rdxaqx@qjtzptt.com,5450107042026002,P636449199Z
hoxpwx@btujpbq.com,5570965824429966,G555142087S
owxrrn@kujqoxd.com,5584629453219288,16897297805J
vrnvdw@cccrqgk.com,5534771990898397,D424740489A
tepqpb@kysxizp.com,5198483575498083,Y399694783B
orenks@ytvmgam.com,5406063685099373,Q928449908J
zeossw@gdjfkhw.com,5188364087436534,B6073468061
btkzvh@ccjxqtm.com,5326450619745832,K66688502715
prlxos@wtrrnoa.com,5370349259442194,A132171670Y
ksrqhu@djrrxjq.com,5597537418334396,A314828436V
kxpokc@xijnxpz.com,5235892185153422,G399697823U
cjcxip@mxxjshi.com,5271842927196291,W574021356A
zvvtoo@dsjtxik.com,5458163806195584,685033483711
zpzhry@zdratwx.com,5104934761136070,K247448980C
lredpk@ahsejcc.com,5171764711292378,I605768538W
njbztv@uarcbtj.com,5462038356528612,20311255212S
jdbzkx@zsorizx.com,5526575326600298,T799072095C
ijwpjn@ounhicc.com,5467711803238986,I434609994W
zojdac@nkcjort.com,5568451036541140,R595332465S
zvwjcy@doovvcz.com,5134378391190806,R617729903U
djvxtk@cyndxjt.com,5573213118192983,D9898889009
mjorwk@ygutopf.com,5334464023762713,N526764105H
ntcyzv@xafzbzp.com,5468613647069149,H14213794715
zwghef@txmkeob.com,5324485899978739,K335369967B
javgas@piztbyf.com,5207667207872876,A975400004C
toycoy@jdjcobx.com,5293193333016598,O740915617M
tbowsa@bcjjwim.com,5381796337386388,Z623216677O
hpcxoj@xpdtyxx.com,5495194325946095,B6713050158
otrikx@ubtbnlj.com,5195967730221920,Z230086499O
koepqo@opxtzhi.com,5369652311304267,17566944809C
epkkwk@chetyvj.com,5313533814249679,Q392711333Z
esyyqz@xnfqwrx.com,5470119145135404,X24705043210
cwsnpx@bdqpjlk.com,5166029686261007,O967694215O
prreka@knkkprr.com,5282128514799615,M7688482608
pkfzie@gxboyxx.com,5495245954320190,D647300668T
bxdcbs@vwqolcv.com,5100972219600069,B133736389H
bcfzyj@mjtxtay.com,5575707727434304,D745580800W
isqcgv@kekekmy.com,5238789991807497,D197535224W
ryhfoo@tfawcaq.com,5126690255609394,O965702574A
fouzuk@hwhxfvj.com,5310826958070072,X777546365Z
sucfpi@aiogeen.com,5578199477293014,P117569946E
yevehc@iydicxp.com,5442456693545278,J218979341S
rvxkom@kmjqbei.com,5540712034315388,P555349955R
sszlkb@mvvyydz.com,5462631321511190,K370561919Z
bedoxn@iidgthx.com,5519592254950230,P549582757J
dbzoay@nxrhstx.com,5430040153021402,F563140270O
pdocwj@jjxckvr.com,5383174872036966,S303345931K
twwkdh@otqirpe.com,5371932202451880,K849117401H
dpxdqu@swdxvkg.com,5562008524289925,O679286496K
nwikqt@qlycdke.com,5594055207607305,7521018983H
irvrel@ocoobqz.com,5507721404788422,C754412427J
votoyw@rwyecvw.com,5132701458731216,H211296254G
kswkdi@mgxaire.com,5196675095926293,K326425209J
hvwpnn@vwwrhqk.com,5156601705792139,4124937159Z
pqzhrq@foobwgs.com,5315025791929132,B937747803V
zdjhcv@afvgxkz.com,5272896067127838,G394723216E
rjxrjr@qcqxoph.com,5324861882973962,L409618753V
ernvvf@hzlojsa.com,5223379926539451,T850170284X
nqjpdh@zjctbrt.com,5234082368731910,X339848203E
vjeesr@jcurzpf.com,5207347763732638,H272258362S
rxfpqj@lfdrlds.com,5317199875146570,J633187970B
gqtgkg@fxpbzxv.com,5522371639846198,Z567670263X
mtgjbw@dpbuijj.com,5214980563494826,C460593622G
tpnehp@mrhczqf.com,5109522942290265,K301290219J
rsvlop@zvuspxp.com,5348940145744634,1526901249F
vmirec@dbqdkzs.com,5500610025697038,Q297592820K
smynvn@qervqqa.com,5305201672515009,H83787963115
afnamq@jhiqrwj.com,5228803456380908,Q244839628W
yigizi@sdqocxj.com,5519102749800691,Z542548292Z
aocnwr@ilooqla.com,5385541906790701,P6212665368
zrgste@emakrtd.com,5564416731171224,J92850180320
rmerqo@mzvfxfz.com,5130579795555908,U419755801K
hovvck@dxjsdyy.com,5547186190813630,L527019191T
srnknh@rjxocsj.com,5370928782549987,E544349917J
bxajer@pgqvwmv.com,5583021717461958,O658142112O
nwwhvf@fpdjxxb.com,5308990897665659,S511636297C
lqalzn@qmgrjjb.com,5235410642744525,T437228397W
wqsjgv@yhqwjvz.com,5233463495292458,M751927745P
zrzcnb@qqjlyav.com,5598719573286723,Z117529637K
reorcu@aqcvzvl.com,5476505774972915,5820329656R
bjvoay@jqsocbj.com,5450702780353590,R180375996J
hqpont@egpgqoc.com,5265200734044881,Z339337500G
zzrvrz@tdaxhnv.com,5408757187243144,S583261580V
pnpjfy@ycrjova.com,5215024161195821,H809544629Y
trhixn@rcvjxjf.com,5164266701192633,M788082277S
pexkrh@zebryvw.com,5377535719076472,R368441108J
isekjb@ncbwrcs.com,5338411267638733,L465761133R
fbjhxj@ixpdbxp.com,5267756944300833,X624967468M
nhvqxb@myrcowh.com,5160250191287446,D84253339110
jsvcpv@kltkfqo.com,5348757574830431,Q174882558W
fmlbkj@htujkcj.com,5389967043639491,E206266131T
nycgdu@jxhqayb.com,5115607206586938,T846803432X
ipjdgr@fgkombn.com,5322550332363120,N44534434118
rjowtr@cjfhqad.com,5269172534257359,H264424044V
mefzhq@ozjreqw.com,5152735160341125,Q564427461D
afkbgq@ocrvssh.com,5382497957706711,2627270889J
secnjv@kjmrcpr.com,5534157851234080,A9812126672
rstmow@bkighio.com,5131107560531877,C913535782W
zsacpc@bjlnbxp.com,5552158178783244,B499580974L
oazspc@rtqfaso.com,5597722061945405,E3684932409
wcviay@kzjgjxl.com,5242014573444153,P90931422318
qvybdv@oxokrzr.com,5486371310549115,Q358867334A
kvqzzp@evpjcnl.com,5381121693973515,E68147023817
prcvkn@xjoygbk.com,5266089536806699,E514249796V
wgqgwv@wsfcxdy.com,5278565720188610,20903248615Q
lbgakg@hbhcrjz.com,5246426673791497,Q786368044C
kpqsur@oorbskr.com,5436484533347398,Z280739037R
qkqfeo@joypcgo.com,5339821115936486,T717693202Z
pawfqr@dsxjqic.com,5444154689400271,J509966471Q
fsjykx@thxysem.com,5418268301566103,11510764489H
vxvszo@xsqjxxd.com,5439094876600050,B237914429C
qehjlc@xyjkolz.com,5529442393463240,B189433471B
kyoszs@uqcnyrq.com,5141229527192318,W467101563L
jcmqdj@igkjrth.com,5259671881688076,J155104543N
bdmogi@fjnkerr.com,5171232307120510,R820282481O
torbjj@djryqvq.com,5249417937588719,G622823400P
wdbjoz@fjlobdk.com,5579227862766762,V2553885202
qpwjnp@ahjqejh.com,5493512720252714,Y612979009O
pprzqw@catbwcx.com,5531370246697092,Q437767974Z
rpevtn@tfavgba.com,5230739322441472,W521881550P
sdwmav@nrgsgbb.com,5481475400423092,17980483250K
espzoz@gbogkty.com,5115250692172754,F177083634R
wzrxaz@vrpqkjh.com,5154503369994872,V748042468W
xyvrks@dzniiay.com,5551575070081040,Q704205267S
dgzddz@aczkomb.com,5397170902556472,16831140991C
pqbrtr@eqykvby.com,5442962812539563,Q455371896I
dmpvvw@dljxeti.com,5181331785840165,B223519362P
nvjzri@zgmhwrx.com,5377966032241479,S840444121U
yjplxv@hopqasb.com,5577805249292339,N971342893P
oezhmj@zsittwc.com,5233718805769895,V764703352J
rjldrs@kapdzlx.com,5201898148768800,K372446890H
kxsltt@aicxoqr.com,5553744581232884,K549308872H
pewgpv@iyflafd.com,5494290032179425,R943446827J
ppvrjk@zcdstfx.com,5566120745346271,C214825105A
icpliz@kmolcrv.com,5129006963081924,Q129130118L
ktzgvo@hjayzsb.com,5265207792023111,C769113917O
qfoqmj@twhhhsk.com,5258045970521863,X610784489F
mhkoiy@vvsjwwx.com,5463836841118579,P452638671A
xxsiki@yksjjdp.com,5115356171884767,6500992264T
qxxeja@xnqrgqv.com,5458761500977197,N288117867X
jbfqwo@kskvdso.com,5116923718996518,F8282845235
fxnrgn@wrbqhjw.com,5187107769250744,W664022490U
evzrkh@zpszkdk.com,5171050957912915,F238319839E
xzcnap@rcxfdhf.com,5167135043758434,R811378624Z
jdrnqj@fpwjbnh.com,5595325326443232,Z993186967Z
yrhcfc@gjhzsxg.com,5457766883125240,J787366850P
ftkxbt@bwnywyq.com,5318453957310730,K755679036D
rrkwri@exrvjbs.com,5110525264550254,O432278946E
pqbvxr@abzqjwk.com,5464058754013445,J817849897O
npzebp@txyrvrr.com,5588002292509192,N328025686C
kzuhsb@auiladh.com,5201081611948239,J793749903T
draxjc@ocbicxx.com,5197381539018255,I145459017X
qhkrbe@xeqnbtc.com,5250633752233019,P303431024V
sbotov@dwjudxp.com,5475562242728966,B59761033220
bgcokj@ccdqawk.com,5560424158529340,X597388565A
qtoehx@rlqvcym.com,5200860354672812,G907722849O
mwmaaw@bjvdykj.com,5190455636949716,R786072146H
pvrxom@zhqewxc.com,5599090911827894,J497156531T
mzkkbk@vkkmiie.com,5187557996109107,A490878332J
dwjmqw@zsbrqgj.com,5497480600582327,T659933332B
sjhpjj@vovtbpx.com,5301266127930503,V848989096I
geqxny@bwyswbo.com,5259260009416832,P881911730R
qqvocm@nwfpqjj.com,5575466330444883,P906298644R
rnediz@vkqadjs.com,5112611895154514,K860193120N
ysgwmd@hodorow.com,5154567180320526,16698555927D
zpgbop@odpxrhb.com,5105759784242681,B72534770710
dzivej@bwfmbbd.com,5365970915805966,Y268900912I
djlkcq@tvfmzpn.com,5337107798312548,3334102637D
bjbgks@gehplij.com,5297673374199912,R630762836K
ejxxbv@qgcuecy.com,5198941461431427,F345693409H
ycoozn@jzdlukx.com,5517196063418769,I219542670Z
pkoqbj@pfjxxoi.com,5395087975968669,B975586777D
orckkz@hxjyzbz.com,5577540326786313,R907187080C
bradrj@evsqzpo.com,5338228428336290,P418043128L
jjnqsg@gkribix.com,5463884997605791,2888987894W
qrpjig@edybhjm.com,5234464686413555,K646249648G
vfoioa@axxbsyc.com,5188260937895269,G235193094F
ijqepk@qcwkchb.com,5167095541259840,O7460678042
srpsqc@qcjphqr.com,5333325259887071,2401771692D
kjmpyh@qrjkrqg.com,5154195506912329,C776939005F
zixros@mzhjpio.com,5381683801638678,B440481857Q
xhwihs@jpqzxmp.com,5369487903385816,E1391767044
kvrfox@sscycbr.com,5445976321346986,C755369505B
roewvb@knpyvku.com,5358547302147340,14695429179V
rzoshi@ejjlkvy.com,5542715386591256,Q398184854A
khebqb@cmeqyib.com,5146738034454388,J427814232L
lkqaoe@xotiapo.com,5559217768671525,Y367340871H
fmbxdx@icyhcxj.com,5123235733144102,7154621725J
tqtrhj@jxjoerc.com,5486911427682810,O767881212O
khmhdj@sdixzqy.com,5399203558980874,E328495358F
kobvsd@rucrehx.com,5224837732185016,12680690194P
tbznpk@xsrsgjz.com,5562740352923262,A133210164J
jonsfb@kmydftr.com,5259304744190680,I282745367P
jmowky@yxoslcz.com,5338053130913198,L805480062O
fafqnd@htpvkyr.com,5320146183501629,X245347100T
zicqjh@qwbokgj.com,5409970876514779,X127088764E
ohjmgv@itwfzqp.com,5111305587432335,S316919527C
xinalo@ykogwsi.com,5196895047356965,B697537392J
qbkojk@lhvbbhf.com,5321603194515971,G428608960C
qrihjv@jtljchk.com,5332150076182154,P526283941B
jjgtxf@zpjwxtk.com,5466398453503942,Z67658385620
mkmbbr@owkbobm.com,5523846389892871,Z738248781A
thbxeo@qkicbzy.com,5504181119181236,W702793022U
grcsti@xccnrrr.com,5323015512982072,C637212362V
vcerxp@aprwfxx.com,5154250309579278,7746445146L
qostkb@pwzgobn.com,5123099680508978,E153620066R
vpipzb@oqkpsqg.com,5383157055423713,U316220138J
wjckeo@zphuzwj.com,5351645026797379,C670229057J
exhckg@rcrcyiv.com,5157972485242689,W93215088212
zfprqx@kunzrbk.com,5394482629978258,V396643032D
qcdkxb@jcehbqf.com,5202028505124178,F496660144K
bzzsoz@zqjcjgw.com,5280251663878501,P858420183V
oocjjv@wbfxtod.com,5283541845694934,K838566857N
wicbwl@xqpfbqs.com,5274870669414736,I26567389513
oxaylj@jzsnefc.com,5219324412997330,I220881666V
obqssv@jxplrmj.com,5498080360446405,X175406341C
sxkruh@jclcwxb.com,5121579625303165,1908599196I
yexcte@pchzfve.com,5182447796989939,P365447128R
vtfwps@abgnkxi.com,5266727819478757,N723453802J
tqtgqj@csbdqjb.com,5391372631922209,Y931611190N
nbreii@jfjrsbq.com,5304820601115929,U578107259G
icahac@kfyabks.com,5212817574068573,Y450407684J
zghsvp@kpxojiz.com,5136309427776621,O843371590S
gjkxfv@xaxbytz.com,5342396415155033,D814444178D
vvjqpd@qsspkit.com,5161995283278187,Y611368095B
rqobrk@mjjgwmp.com,5481927152008554,V665728434C
mvpoks@hrdrwct.com,5333704386613776,G322377733S
cjwvsi@bcwawqa.com,5237849140179981,B682940731Q
bkqdoj@rpzfzzi.com,5450779108152862,Q924241731Z
cpjyrp@vjirmkj.com,5157236751993866,D4048830856
bckqqr@ahwxvpl.com,5551125780851629,B585779026W
xetfba@fsjkero.com,5460734753300702,X665848614B
hcbofi@plxogff.com,5374568962272129,Z337928966H
zpwjpw@jpsxocp.com,5207173432824337,D472693264B
sdjysq@srhzsxz.com,5107360371784025,A664202194K
csbwzo@lkkpyxb.com,5547887465016011,I833142009D
lkjggy@yvyoogh.com,5349720093110122,F354951113R
goxjcz@oykvtlh.com,5521414596555559,O465776539B
npgswv@wfkbnqg.com,5444524987685957,Z711607649F
abydok@qovjccx.com,5354133215350588,V640293086D
tjaejr@pyzdkwc.com,5472517550658125,E416466999V
wjzzfw@pyrcmnp.com,5343094041189745,B132283691M
zizhjn@kjqrtow.com,5502301614359960,17472239340Q
rtsjwb@zksaphu.com,5371008862162875,B265862480Y
abcjpq@kjmttxt.com,5554456883922000,O252860165J
ygkmas@xkvdiin.com,5337433818819159,Y639302371Z
vsrowg@wvnejqs.com,5375104703053203,10154935537E
ikvnwv@nbvesdb.com,5278418455938157,I137819740Y
bgydmh@qbkbesj.com,5247195854866571,P922201751J
vpejei@gjwposb.com,5335997168681304,1861773556019
mxjzce@dfcmxyj.com,5474642820309909,W4686961424
tovsch@wjhyxgb.com,5403663962219603,Z776947971V
pvvzwz@krhrzdh.com,5564282971351177,Q207355982Q
jroeve@oxonhoj.com,5538211744558779,9153292863X
pqhekd@gxlgnrr.com,5172317319645908,P4476035303
odndwa@fqekkzo.com,5369972269385005,K484313153L
tcyxoe@obfdbqn.com,5241716561295220,O382574098A
pywbbv@bjoovtw.com,5176251373757786,O386711937S
okxjlm@wcmjbqj.com,5429758818164738,K850139474W
evhovr@mtvjxje.com,5223288601574677,L6478001515
ydbkab@ryxsxah.com,5129269940659291,E324602024O
eqftqi@eorbfix.com,5104486690289868,N291831640O
knxcyr@syqsijp.com,5349645757290037,2525273779N
zzkavp@zwzkxoq.com,5412463680893956,Z431287512T
zycdwf@jtczfxv.com,5387851919822690,Q862195829X
bdhwvc@jixkkhr.com,5196034036463356,R173193115E
xzerjk@penbhyv.com,5278615385579809,F544032972L
wctwrr@fbjbthc.com,5595542514893313,S160272901H
kpncbk@ivpjghx.com,5552500415655091,O315269121P
csohhz@korjgkx.com,5562564673157602,F125655851R
jkvajv@xkdmtxc.com,5413396547695017,C326658936J
fpqhjn@jkpxvoc.com,5128368872644973,J782330034N
baeymt@fcgbppi.com,5486449697063239,R532234542D
ezmxhx@ogpjkqk.com,5303970779877650,18853815877K
vlsbbj@fymivuc.com,5476231192662430,J200978012R
xyaqcg@qyfcjjj.com,5399748225453929,A972955994O
tsesbz@wkbzojh.com,5591555617073173,Y477838900O
dahbft@kgkrnpy.com,5382110731941369,Y207113520R
jyssqg@kjnfkxe.com,5266674472024744,W738369299R
yautow@kcsxvav.com,5417584495040163,C967944664D
otradc@cxpcznj.com,5468102743169359,V313129616B
ebrkkb@bwdjqfl.com,5196757444682700,A34508080011
qpntpv@akqgmva.com,5544860867066150,E593501759W
vldbaa@ujnegjg.com,5233669974398414,A63427940112
hrjoca@oonbgjx.com,5274683357965954,C8427879366
nwzixg@cbvpoqe.com,5228590282603658,C623416591E
kqpoxc@dzszcbo.com,5399906244427130,S851754324P
uyjjqx@jjczxrz.com,5591524833557757,B679709932N
jrgkgc@drawobc.com,5322188968768609,T906035444X
xdqfap@agchckb.com,5289804252611112,5512010258J
dvjvvt@asqoqkx.com,5249373396422587,E418355555J
drbvtj@cjwvkgk.com,5561555304552501,J86368695115
qvggwv@qiococs.com,5146280578830244,5842995005P
kpjdvd@tddzdxv.com,5297711344304996,K802390700Q
ntcuzz@xodxdny.com,5492220372732931,V124716758Z
ojjorf@diwcbdy.com,5458064280865140,C409688290M
zwpheq@kkwrdkj.com,5160783261190181,A174573434Z
zdiwoh@ztshdzq.com,5492037950295564,G917020602Y
rjbezv@bkdklbx.com,5356634599417370,R144135380T
tntiva@shmperf.com,5516250033769339,V170621073J
hfvuse@prybqcs.com,5212230736239787,T469514099Q
hixnrz@ayvkpbg.com,5167075871128500,Z742398703J
gdrjkj@tigekav.com,5506495755414620,B678395595F
vxrixi@gpdqdhd.com,5145358159594826,Q584964773Z
kxsokk@murwzow.com,5100716633316343,R616039678C
psjxjb@gxxarzo.com,5386161427259661,A55226558919
hsrxtc@kpfvxpz.com,5331570621422345,3486392181P
bqyocn@oposjzp.com,5123603872939592,J219260556B
lmtdcd@qjorazh.com,5261233896285012,N593846399D
cjqcdt@xpxttrk.com,5300683294008668,S685671613K
vgvvfy@xorqcjw.com,5385311894165047,18269694372K
ekvqls@xpjtrmt.com,5107071926664493,D315073641O
rkcvvl@sozjksv.com,5495278020312982,O582513068H
xsmocl@ribphws.com,5202830545753670,I722911309C
kxlebp@qsdgkjr.com,5224146429882905,11798415993K
gkmtry@mvjpsip.com,5568383088381846,Y257046891H
qtyorm@oojtjir.com,5289627030015649,K692910755Q
jshetx@elcsdhr.com,5378769759455374,Y505496617R
lyzczz@njqycwh.com,5467348101482949,R377199276X
bxsmkv@tbqqnvx.com,5499514006552605,T687252544B
zcafrz@yqbjcaf.com,5185213060729428,N954009976E
skefgx@zjdyzfq.com,5406917183085723,U579440010E
yoaymx@sirtjjs.com,5464228150566565,X8930976568
khoptv@wqxpeac.com,5237614066141435,R121849928Q
jhjokp@rsbzmmq.com,5406498481044076,Z145544598C
dsjafv@pgkjwjp.com,5562208431648169,K38196303919
xavqlh@kihbndh.com,5554227606723813,J528950325E
xxkljn@ijevxtx.com,5340382377321914,R6265480276
wztjyk@fdhuyfc.com,5170251329791851,M236737859S
azqzsy@xgvqgoa.com,5157363467168938,E364314424P
ccjtza@xbjwwxf.com,5510737141963032,M622866448Q
wamwkb@orjzbjn.com,5196433346774074,T62848370414
pncqcv@agzjbcw.com,5460065025348363,151653686275
djbobt@wypqtbk.com,5189723593790941,F1980032108
esrrcv@cdlukcw.com,5307520925906535,F112351202J
hkqrrr@yqkforn.com,5274046350453016,Q325041962X
kyxtoq@bjdswrv.com,5463825107952912,Y661287069A
mgwjyq@gjeenfd.com,5360589773481309,V708916409U
xsltjq@qqwxmxk.com,5494845887718724,E956849002V
jpqecm@siccjxz.com,5566281054009486,Q380081477W
fjkazs@iwdqoqd.com,5396345298063090,R437621895W
cypsgl@xvtpeps.com,5205599730174813,Q613855785I
rmwajx@bfrxkpt.com,5133082270819805,F976315406F
wzhguv@eqzetpk.com,5498215253154217,P154498943A
ygzzjw@hwmcehq.com,5377088823745376,G26641580016
dorlgl@dixpzfe.com,5171866880266669,K185220282K
aqrecw@xmsesjk.com,5480210035428971,Z685953588A
gqaziw@gcoqxdv.com,5293034056498086,Z208474362Z
stjphs@zrnqqsc.com,5346113093876277,L713905603X
mzhosj@cwbkokk.com,5144461481613651,C553936661C
czqcqk@ggdshdw.com,5130407329898976,C791938937J
ojaoyq@mphmovi.com,5335866796047198,T438816400S
pgbumx@jctdhnq.com,5118063299791760,P391690762G
oujesj@hcfdtja.com,5347155432104795,X936741706N
roeaoz@ebyxcnd.com,5187847741220287,E901317779G
zsgkkb@rayhnij.com,5200392344662760,X178983211I
rcrdcl@phjjjqv.com,5390158976630890,M155373273H
tjxoyr@swcsxxt.com,5596928982156730,K176473302P
lpqbjq@sjnakzr.com,5175970601461348,R591978711S
afhokk@qwqczvk.com,5472013887123256,D350341123X
mjevyg@sovbovy.com,5222859830397774,D396899617O
ekwhjh@ykaroqd.com,5310184979108483,14937420761C
ykzrlc@xoxwjvo.com,5571035786907315,Z135155983Q
moxfoc@etmoizz.com,5520803829869426,J950161150A
wdcjjz@bjxwkir.com,5592376068262234,S601981616F
mamxfk@xdezjbh.com,5411775996753330,4383100154C
vzjggq@bdfgovm.com,5516981233732731,V940881786F
rjruyz@nxzkuov.com,5155201795307012,8850497085X
hoihew@qeejkke.com,5536778569493839,X346125927R
krraks@gwctosc.com,5205009011382614,T114102802E
zoayhh@zkiikma.com,5311536730609944,K294979990K
sscdfk@wmxrbnp.com,5212000206363700,C905508938I
azmhci@tovzztc.com,5299820994270882,Z250050321K
oymxar@wszrgfj.com,5546098862810821,Q667233253Z
cxykrn@qbchpfd.com,5374861329554465,Q207276488J
fjkjqo@rwjhirt.com,5533725405937910,O426805633W
jnqdov@mhrwvqn.com,5180799681360531,D385157274P
nzqcqw@cpjkpbj.com,5150486217925088,18222369183O
prgprh@wvxjonw.com,5190807295328972,Q794376691H
mbddrl@elnxprl.com,5583213724547552,Q559094564D
eipswm@hcjipav.com,5553907705530844,Y497514836B
abodqv@hqokpjt.com,5114318714850730,Z7727196932
hcdhdy@ytahrfx.com,5375409610391772,P839550969T
gwkjpc@vouyebm.com,5372357859363767,8754830248W
kpxmkq@dxnppsh.com,5179041400756126,K434261479S
emrjzs@rqdljfb.com,5137207179914227,X307765308O
czoivg@bpqbjov.com,5136047680286892,O351410853K
nahxte@tkdejjn.com,5123433756027771,K129335117F
twcrzb@vslgcbj.com,5420292405016126,14289137406K
qovpba@oqlcbjx.com,5141593250890376,G574245266I
ppxrpe@wphjuca.com,5237473706187351,B313724004C
nxmkvq@dndkxez.com,5558000594262763,I428046881V
xblvmi@opatyrq.com,5341871770389931,K63578382317
qlywrh@ppdkwas.com,5568356083953371,B847262867J
dcvrqm@boqpbfe.com,5321235253790227,Q583118071W
dvyjoq@eljopzi.com,5533755077182743,V343305600S
rwiekf@xqktchg.com,5577309722605927,Y98369425417
zhxvcs@qboajhi.com,5131397566401551,B563526965K
jsqdzg@jsqdjmz.com,5213441760248227,B438962423N
bdatjb@vjbmkfb.com,5489358060382406,K221944437R
fdcgnj@djjxbwx.com,5212603847286634,20324914202A
vhorgj@pxcvazb.com,5379186004167911,F488097558K
bjvpcq@tboobjs.com,5342001909363149,D564452075S
jjqvog@vuntyeq.com,5263323973332494,F873013633Q
exxpzq@nojjpbj.com,5419842607557021,K6648017009
jocwvk@jcfqjxu.com,5175154936304842,P245746517R
rouyoi@rtyncrm.com,5213048594535156,Q994948691A
hclxgf@ekhhfgd.com,5375701752295674,J190863542Z
keqnve@txiojcs.com,5598582368357707,R247707143W
jrfqrj@xofbenq.com,5434980588622629,C999647326I
kodjdh@ybqlkdx.com,5399843800095243,H162351255J
ezhivh@bkqiqtl.com,5213706445763349,E491716365F
pjwwbo@ekbrgqv.com,5382119900465993,N689292234K
rbzxyc@kfwtyew.com,5431229954458280,A674737527X
wnjrlw@xmrdsec.com,5392744606604054,A259116442H
pltars@wxzegby.com,5395289074316184,X456757204J
odphoq@epoyklc.com,5496553966205054,O784131708K
tfefcz@gvoqcni.com,5287827049707887,Y446990168J
qaicbo@vdctrbj.com,5123133143709822,K692859307N
qgcjro@hefplqe.com,5316787966908360,B977674930O
eoqrrb@ekiovxd.com,5416892161669558,P168449959I
rpgcyq@frycxsh.com,5485166402537965,F171236151J
nypkvd@nezfoec.com,5544157453807380,13490585930R
temqqs@aznupft.com,5438100518416796,Z793807770B
tkpren@ozcgtjk.com,5497956363524614,O906081111D
toncxc@zoidvsj.com,5209866643361530,D731543022P
saaapw@jzcgqxf.com,5341605282244113,2581764406J
ccadkd@fsnmnjh.com,5421004375910660,K410609169M
ezrrjd@vjkuujq.com,5327959529924344,D494702540A
yozvvi@yjjcwyn.com,5450068806627411,G7333727001
wihtzv@bcvfaij.com,5478757326270318,F92026812612
jxttkz@bbowktv.com,5350718275303016,8863723154J
dtjovj@cijbpcb.com,5232372287698494,B270846779X
vdrehb@hoahquw.com,5215476725727483,Q814111105L
bjbsni@npoxcdb.com,5561046040493937,N416450578T
vwzqvb@krrsmok.com,5149672173357978,Q1165967062
krazky@idacvcg.com,5597978657578949,I288382368Q
inmzrj@zefqgxg.com,5528667999570524,F550219201Q
fcvvbo@nzrcvsg.com,5454243598230361,X690849634S
odszwi@uihamti.com,5572004996899463,R333130593X
rgnxes@mkeozkl.com,5351290834528391,D375415988Y
vzqohj@nqsntqh.com,5552691271138122,J801195338S
rmqxya@orczrqp.com,5432323087903517,17328772906S
tofard@wjdteiz.com,5213681132650150,Q778009650S
jjakme@kepdjcl.com,5464756001891246,Y283560679F
cxbvkk@qdjqabs.com,5356381113593597,J470559846D
mjtjwy@ejrrdbz.com,5466206886815918,P1917421738
sjsvcz@qxbptzc.com,5124043489609933,1644431345820
pxpkmw@jvjjbde.com,5284382069927596,V452344824C
jyptzf@hjvtxnx.com,5159348291942820,J290405626X
ojixbo@dvormzk.com,5513338869784242,Y547182960Z
vjcjqo@dhyhfeg.com,5378264470616157,8972682374B
zcbvsk@opsbpjw.com,5407745398158285,R323761111W
fevqzm@tcjnver.com,5271983705032785,C541943268M
cvfozs@jssfvdk.com,5293108141009460,4572958645W
abjkwc@eqtqpzb.com,5504253292149502,B395904639J
cqoxbx@jobhmfg.com,5356194867188633,E665773682A
kcarho@coaxlsx.com,5152155072558692,13370054944T
kjiawq@dzjrmyt.com,5206412192898201,S939694799W
wcmxup@oqefoyb.com,5267616531703072,Q571915091S
jwavsm@rwtadcd.com,5140940223717825,15730460582C
ycrcbc@prqlipw.com,5599595005326405,W490766578J
yoxisj@kqknkeo.com,5388677642603753,W736718636W
xcyjah@lpqlcvr.com,5291184647307296,B131236694Y
gtjqoi@qcikbex.com,5411824536977502,B155196952V
oydqvv@yrysoqv.com,5529916870825302,Z978567864X
qrjbyx@yxbpgmh.com,5361546313416558,J216771083L
vwzcjp@tncpbhj.com,5329374958957112,O717828372V
khcixa@kkbbkpe.com,5521644562008346,B761273774C
rpnkxa@xjpjypf.com,5277818027775105,R78306480115
ocfykj@dyopobz.com,5545993681635758,N797578119Z
hrrrap@hhqfrzm.com,5500696372515279,D266278251F
xocoot@cjkrjca.com,5280441248761567,I7226272614
jqkzlo@gpxvvnw.com,5211457368136624,Q535469096I
jaibtf@pekptyr.com,5527178959593929,S600399852H
rvxbcj@tlhzjcs.com,5138951665879969,Z898983938G
tspqxw@jfjpmdb.com,5599849425847478,8595537429M
gjjajl@qaptphv.com,5596858573718483,K135541405I
ldzrxe@ewlxbub.com,5578908000060348,Z774006719U
wredvv@qmjkvdb.com,5527277325509492,C267667183K
ryordj@sthbqia.com,5211864933000088,17885906319K
dtbsnv@xikcjxk.com,5555692430299208,5718344557S
aryocq@fwbpohi.com,5567734497797876,F684908035Q
rmnccv@ovjdeht.com,5350243834323538,V189924243X
jebrqd@cbijrhw.com,5202138667885456,18355908055S
vdeqow@ewxchnl.com,5286688234664643,K402841313O
wnoqji@xzzpjxi.com,5200532061311766,3833260290H
ojjvxz@cmwjsxk.com,5370831287925860,4168879745C
joezwy@bcpkkbp.com,5142251125421260,K672592679E
xtwxdo@gxxrpwz.com,5231713719711374,Q599164957S
qkxxxf@pbjptcb.com,5576069578076547,F882583273J
pqqvfx@cqywmxd.com,5169726896695331,C200273955F
loxflo@vwmhobw.com,5330008437477790,T213095864E
qzfjxs@eaclbcf.com,5265595823582737,I652057813M
dxynmh@hbbahqs.com,5162762378772279,O780207763K
vqiogr@aerzkgw.com,5321207040087852,B833961956K
ibtbco@akqcvbt.com,5537763492200583,B559529447R
csiqet@pprjnpc.com,5309824021151931,J359252126P
egxqqv@kpdfrrt.com,5453884998211807,19156214189C
wgndwo@ngvzfhk.com,5326744905252788,M6854585346
aodxgy@rgzanvb.com,5433683790796907,O698501330I
oavpit@nhrfrip.com,5409524663985815,Q762618547P
rjrwgq@bqqntlc.com,5599070901888528,V191635485C
uzkvev@rncabfk.com,5112922821740163,20807394773C
nabzml@vsrpxaj.com,5576421897858933,R152278379Q
phaawj@ybfnhzy.com,5311267924546367,X473093953G
uskwnc@jaxpzxz.com,5481022370817901,13522441657Q
krjctb@hjkellb.com,5582197702586545,M290660593F
vfosju@kzcrjgo.com,5386634819975185,K5235489634
ddcirr@xyvcvos.com,5560282400579277,9190418650P
xvfozf@uhjlban.com,5351267193309894,17939311687R
jhguqb@izpdxkr.com,5212766773876841,J420313353R
dobsds@bcjcwxj.com,5337052164939294,R746994818X
kbhbve@skpymkz.com,5432828750913064,D226982459K
bqucfh@xhrrqof.com,5423441773915974,J491733079I
cnmvqs@kkxvfmw.com,5507613123549203,G467629440N
wrobqd@lyaqjsl.com,5104214482187805,O212148693Q
zyjfpq@nwhmrza.com,5259320667827132,V816197792H
geezjt@pkwvzbd.com,5318061388838458,N42943026912
pwpxjn@woqksmi.com,5556673403091771,I309707883S
fpbbsq@tmarqmx.com,5348030586443837,T410025977K
ozwabs@yogccek.com,5308662013615567,N658083507A
cpqqtp@hkkofnn.com,5369770015861448,K8650752052
kyocqv@oaldeyw.com,5496531140110259,E551025575S
gfkpys@xzqsegh.com,5234207814706485,B830067346J
pqkckl@orhjybc.com,5214134007942459,14989424087J
cgojow@dkusyqy.com,5351984350298120,W741198858T
pzqkdj@jcyxftp.com,5280239774978880,15881781484J
rrhrne@rjevkzb.com,5459515990247175,V48348087510
peevsd@nexgoem.com,5529844025176977,C423283629H
gbxjkk@xmmdgxx.com,5419073617660817,X193550189R
dhnxxs@cqbbhcg.com,5517812952562414,Y983303209Q
cncxtc@rkvrpqx.com,5111707374356686,N78180944816
rjjqdw@evgrdbr.com,5136462711549020,J459954997Y
caryrp@popophs.com,5259367205783962,Q145344261Y
wfbroj@csqopze.com,5465024753533196,Q2395377285
vkcvsw@kldvjtl.com,5455241235025557,T358213886W
eaqsxj@ojcaevd.com,5503208232738211,A481599944X
rbwbae@vfxhbbe.com,5102101455955882,K350313283Z
grbjfs@frbjobi.com,5166629892056446,53009428095
ikyyos@cktobax.com,5560212009171945,O732162751F
gdaeml@jqibbgq.com,5442770145871417,J308698636R
tajrbz@gjtxyvk.com,5256680092161289,M376793934R
bcdwmx@vkwqpot.com,5407390330975775,P516566365X
xixhzg@esfaotp.com,5350499328536411,V322585783K
mlpvov@dsyfqtz.com,5211340055015774,P697304099L
ykjopl@dupmhwr.com,5579496858035371,Z804655646O
mscnrm@aitttuo.com,5518659164784081,J816242111F
tjwzpo@tgjpkac.com,5300152469323922,E171371669W
ygkdqz@wrnsspq.com,5239993196310757,E239746473B
czowjf@gzazzrq.com,5231633433092218,Y493414498Y
sdpeje@dbcztao.com,5517086345115947,X302227220J
cvbxyj@vfbsbxz.com,5310210546916825,I812051437G
xvksrh@qoofvsz.com,5183797322643544,K670957230T
vrpotf@krddnoi.com,5519054093509743,E397494788E
owkdks@gxxayyz.com,5597476110634201,P521250566Q
blmsod@givywjd.com,5156761247742511,D17448199811
nyjhjx@kogrpcv.com,5440199461018852,X878122250R
aawxpo@jnwtziy.com,5463996252883374,V654163468N
qpscmj@hkpqhph.com,5221830428293064,W614098809Y
jztlmo@qchwiuo.com,5399323810994156,J989214532G
vtjcxq@zrzwrqu.com,5116214580066816,9481042460G
wuthxj@vkkrdyb.com,5276870782468674,O894303218C
zjbwvx@jzabxwq.com,5175604765853095,F92826916419
jjxpxh@bbuvxzo.com,5220910978177510,S970932266P
dbiiwp@yfqvoaj.com,5256615607620429,T759041399J
brqcuz@fovdihn.com,5162937724038894,R499847360I
xjfcvx@dsqmvsv.com,5526136147703694,W158424066S
vpjjwj@qhxppgf.com,5547144148619344,K561165824Z
vhycgj@jwjgksk.com,5174766699659947,O435846645T
jccypx@jjrutrq.com,5552163570636164,O383049414A
klmnnj@cjgtkyw.com,5229982496988380,X172494588Z
istpvc@xxaoodk.com,5140466495586060,N1934958058
orhcoe@jrdwgfw.com,5499056114469041,O562017035N
zqjoqo@vbafzov.com,5164838125866446,K487432705B
tieobh@axvhrrs.com,5195029920514265,Q73172821015
dpoyzh@wccodwe.com,5432109123711570,D557441248O
jazrew@ajrchom.com,5524593741045835,K360926905N
csjljb@oqvrfdc.com,5578495344591915,L216137302V
gwabpc@smkdqbo.com,5452706208574420,Z749183123L
rsnboo@ubxarep.com,5377659972884313,W728159528Q
qprjqw@fsrbskc.com,5147756689177194,N131111457V
taojpf@jbcshus.com,5598663623539303,J723850921J
lnifki@dgzqvzy.com,5211244476176175,U660650832Z
njyljb@bgrjqnk.com,5171548356753913,P41481698515
jkrnyp@ohcocax.com,5457359764858384,Q339432308Z
yhcmnq@kjhizst.com,5186090514755640,C279716410N
kkyavr@jfrqoyx.com,5326886056443219,R549761186R
krxylj@volxkvx.com,5101133985839212,H941148750T
ngjogn@vmduinh.com,5506602474458560,E596724298R
avmbjm@hrbttmw.com,5271393755243979,O432460281O
ynyeas@zzksgwg.com,5494520330304717,X168143230R
nrwqxs@yhwmmhk.com,5407112052380996,T98109473516
acprdl@xmrbzze.com,5253169323009619,V202660887C
kxyxpe@osexydq.com,5217612754701803,R227332991Z
ejwpet@dsoptoi.com,5544172926911800,D713639752Z
jmvjts@cjqojsc.com,5231008125706484,H302933035X
zjcadb@hpkscfk.com,5110714133269136,Q438147890R
dawlhc@xhkzuhq.com,5573655780246598,17941409719D
wckigs@pbydrjt.com,5319532127571716,S982242344E
foxodv@xzbwfzj.com,5303632870535831,W458550424E
euywlz@tzzvkmc.com,5537432252545294,Y929066589X
cvxoaj@jdyhxzf.com,5557521830567476,R711618734J
qyxbhs@vshhjth.com,5419689391748476,D154628957X
ycycbf@jxcrqjb.com,5134366341055195,P830804607P
omtoqz@kbzbcrl.com,5336400576256644,K681945077V
donbtv@zjadjgx.com,5175990159703107,M289039384M
qfooda@lhqpqia.com,5166894877416904,P300933918F
axcnoh@vwvoojk.com,5209432034831688,S708704597J
fwazbz@skcjpcj.com,5471055963740207,P786896048Y
kotpej@kjkkdtv.com,5504229752090485,X988044525W
rkdpjr@kjdfpom.com,5317726025659837,J159499266V
kjbzce@jqyhtbj.com,5528258990436277,F438304289X
nkvkka@hjvengi.com,5203763312287664,F867900947A
nxxyxm@pltnamo.com,5432541531346823,B375221794H
wcfcez@ajpkxrv.com,5235399191513011,J394950962B
sagxxh@rcobssx.com,5187046887927504,W176310685C
tjrbor@tlgjvhv.com,5545744996109892,B484324485Z
hhwqws@oolncdh.com,5371491629317547,N365914287V
sjgkhq@rokakwk.com,5309475828744665,I807348463M
mavvjt@trqpdsp.com,5505713782068164,19512288769A
jgkaxp@kloqzre.com,5491627702241733,J733892365Y
sboorl@orzzdfi.com,5430671322274785,20650825172X
nazqhr@jpozjat.com,5343043844730858,Z289452415S
jqhtzp@rdgoghv.com,5422441838922297,S718729489D
cskcsc@czmzsuq.com,5437365470519876,R848348095V
wjdjkk@uwyjndy.com,5351283747366769,H604032234V
xxpdbo@hogjqfi.com,5187692158532851,I481599564Q
wdhjsv@vhtpzdj.com,5182008497282642,J190294933K
xqlvje@gyoarip.com,5526856636356270,5724830262H
llnmjh@joctzyc.com,5196678415440789,U419757388J
hwzhxm@iwhhjjo.com,5588345017169440,O475801282J
owotqk@cchrdwn.com,5562199285597224,R15823841310
kxpdap@purwapq.com,5207960090761946,H876510097M
tszjyx@jgkvywa.com,5423236028033882,W633343028W
nmkagc@hzjckho.com,5344349517599309,R730948810W
bogfcq@qwvamdq.com,5249592159444617,N161890938Y
nxdzoc@skxebjk.com,5179739996175144,P631911097K
yllita@cszsjze.com,5222656872133418,A522489071W
haqbiv@bvbocvp.com,5528717634095443,Y416275267O
trmjsj@rkfaqrk.com,5345439493489002,T856336913Q
hvmwji@iyptbsx.com,5455673689758178,O502633048K
fcitnr@qpqhvgq.com,5209258281925703,Y821580858Z
faidgb@nxttgzr.com,5493801120810258,J953818481E
fhksrw@zobuqkl.com,5102696236285848,X9712401155
owmjqs@zlprcok.com,5590353454031822,V664640159O
jwvqsy@fwozvay.com,5563372086501732,Y3686770642
ilbvof@kobnnrw.com,5162179320959757,U672224886O
bhfezm@swjkchz.com,5175113098761645,G7785486665
nrxobb@xztbrgs.com,5427334618583915,Y194687040V
xxcgoa@egogvkp.com,5382288266380631,P839035992P
vgnbcs@qerbbjq.com,5375305755707055,R787922903X
ftamzv@ovktnco.com,5135281640336189,K5856170559
qerbjd@jwkrrsb.com,5231102061614552,Q265346760R
rcqwbk@rjjbgxh.com,5256375736688264,Z129597412X
xvckrr@ehncqjj.com,5323978194178857,N813889429C
lbfkaz@jcvktfx.com,5442703402295871,A890895371X
aqphhx@hvvdjsc.com,5554912077288772,K422883355O
hxydvx@xdvpykb.com,5580131020264339,Y505703692O
ermdji@evjmokx.com,5481647775086635,O842558282B
rkisjz@kwkzmzn.com,5543738908650714,Q668396960D
iztyxy@yxhjzdn.com,5240628366959507,A522241103S
bjngtv@nobojxr.com,5475679548651641,W276193828V
xkeoba@cxlprob.com,5233377384857165,R189968093C
pmnasw@sosbnxt.com,5299190908903527,K784231732S
gwvgqr@ckhvfhf.com,5257846766326651,D78494632120
zkktdo@pwwtzvc.com,5151265124045175,S988738524V
xwkpjs@nhyrbes.com,5470766088265497,I506122093I
fqwjfp@zocqdvp.com,5565999020296157,H768548251J
qxzkxc@pvstdpq.com,5374123087058050,J434019962F
qgctky@stvtylr.com,5348358517542876,S931083563Y
eydsvz@igqcocj.com,5227720463970474,M648484926Z
hjgcct@eoplriz.com,5383356159055252,X341114557W
jrsqhx@nziszsj.com,5345167859648149,I404560119T
haxkcx@xyctqvj.com,5336888799990546,Z623424334W
kckojj@rdyfmjk.com,5395296121672337,B580275638O
aejnfh@foqrzhx.com,5307588092750440,O699127258B
ijrnfy@srvndzb.com,5196318732875462,O769648351R
wxjrzv@exxgcpz.com,5293768786730405,S387829785J
xirgyo@zvzwhaj.com,5307219384230053,J462934228P
hfvpwo@epbaxxj.com,5303752284699393,H5417562109
pzdfmq@wqmnrzv.com,5230704360066987,J686761542Z
gubvek@palmyrh.com,5336731017962576,J188435483A
jnoesg@eadhqhz.com,5369367042298874,O161148965U
kzfheq@jwspzws.com,5297445292222138,F7778743018
zwqkea@koxgpht.com,5228988951094029,115174080061
tnhbfy@ejecces.com,5140452760795248,H685357036B
calhiq@ldyfadz.com,5361945867554238,P726279288J
lvqmcd@aqjtyot.com,5278863465814346,R608382664F
ctqctv@bbtayjs.com,5293904501074544,E87778173810
lhrxbn@dgrrmhx.com,5387204438245953,H447414634G
zubxhz@qqbljks.com,5260152278473262,M968037209V
pqohjp@hjokjop.com,5415124693918274,S188302017B
rsrvvk@rxvxffq.com,5370149631587561,P242102671J
sjbobo@ibzksjp.com,5320947938438573,V611059038C
zrpvlp@bcvdeqr.com,5550019449969537,K528523574Q
kephfn@erdzpch.com,5329340958783980,A299192535J
pkbhvs@vonkmij.com,5348186515390273,Q938125896A
xvnhhr@ynbnrcc.com,5258710093455907,V980920079E
sidexa@xjbmzvq.com,5235292476941298,O723456210N
jzobyx@aotzzao.com,5376756147663357,O119652474S
lrrfoe@kbihgdq.com,5443229416896990,O377084203E
zqywca@mbkrdkh.com,5297917383991524,Z369639357S
zswxyd@jbesjys.com,5425825626659201,N462573190W
ohcygm@mzvqjha.com,5299779638403723,V916171575F
znxvyl@ocmyjdg.com,5415445662805287,T385319961P
kcgyir@ccnnbyo.com,5146870039207873,K685900022O
ysciko@tjvrvjc.com,5204495689852890,E31072111718
exnnvn@czqwrax.com,5342863517570526,J997557003J
kcrass@quhztfq.com,5328863504917126,K508273741R
hizgjg@odsjehg.com,5314204273344885,Q128730672Q
todykr@erqtzbr.com,5259799197951217,V475371503X
kcdebh@dogdkdk.com,5223522030054871,X62784324012
bmbjxb@thkgqot.com,5502567203839667,N666621404X
oztjxx@sqskhqf.com,5468712064668290,D335243119C
aengct@kqhniuh.com,5460620654235198,X126219505K
zcpljb@rjezgkc.com,5244189904307267,11973567168
nrsrqm@hynsbup.com,5135129483102491,16496154996V
zzrqix@uxsykbj.com,5236107162539579,C819499707E
rapajb@kbjjxas.com,5517456106991010,W748202892T
sqofsb@qecgrcs.com,5298350776802919,F573475526Z
csrphj@tjajmsi.com,5583589719856946,B203738939S
ngkoqo@qhhniuo.com,5320033535039948,B980592223F
otncyg@rjebvjj.com,5555888302721663,R575013400B
tjvror@edooklh.com,5445915176570340,G18206253112
mjrcyo@vmbsixz.com,5587758974944525,H786372977P
zenvns@mwzbzpo.com,5352966878077630,W964980685K
rtsvzd@mnakron.com,5436692288894998,O337977390T
sdsfad@yciobjg.com,5108884420649896,X312542532X
lrdsjd@hbespdj.com,5483571066228839,J518575747W
krthfo@zdfrgxg.com,5352972504378095,K520969288R
zengcd@xgjkrxt.com,5239431859640459,K419710619F
jrdpcc@ohkacvb.com,5234352915934519,F692344814L
cjioxj@wrlbnnp.com,5363187419414458,10354007825J
kosrci@svrkohl.com,5348823278524348,T270349777C
swopqw@ynjcuoo.com,5277034687395180,S697646276R
jyoqvy@nvrxoqo.com,5290922804546540,P470788198Z
hkpqco@btqdvsj.com,5198370985701950,Y112328475E
rjmrsr@eneyffv.com,5155131938455909,J824034067Q
tnqrrj@tgrjukn.com,5113239950968427,M120755729D
ezoxic@onhgylx.com,5592905014727310,R296589364Z
hvxgjc@lybpyxf.com,5307630471061948,H962614140I
kkpgjk@izitqbj.com,5432812273000328,R487520800K
yrjcop@mzyhvod.com,5313649700238764,J693213006Q
xxrzje@cjnnewq.com,5361727835927096,Q964868136J
dslbts@szrhowz.com,5155134930831648,X37117978312
ouybti@rwunrqx.com,5208371287046522,6886521771H
qxscje@jdwqmab.com,5271711338217584,S207122714S
dosrnn@ckjvkvw.com,5348067115750324,Z134887242K
sqsvwc@qoqjteb.com,5345229778794683,C559247911J
ejhogz@mydjnhe.com,5432966009062760,H671322825V
enabjp@dfyxhos.com,5177207907587106,C523255957C
ezrzez@hsczhnd.com,5537263772988726,B499077181N
uzqfjb@laqszfz.com,5500846881732622,Y875892774L
iciacn@kdbqbjo.com,5474286079329596,Z825638784J
oivhkl@mbjlsxk.com,5217210574052554,P563003915O
qxzkuc@fkwqgjy.com,5507819157770504,12758823929J
kxgcxh@vzfuyzr.com,5557247664224055,S624324132V
cbqgcx@xkpizqr.com,5236762816263503,X703289017C
oykfsp@mlkczot.com,5205963237765418,S558033969Z
rjnkkq@hcpxgcf.com,5369428006634262,F524547747F
rpvikf@poezxhv.com,5546940313581578,L391731712J
nvrvvz@cvyrjfb.com,5299136672067635,N164522767W
uoxbqg@iiriwng.com,5198646316756031,E97442376019
jjayio@xqpijzd.com,5377579029604730,V242637709A
gqveji@orzgpsa.com,5380193660462369,Q6917945877
rbrcwg@ycrrzaw.com,5250096429338837,W74355149816
iqcdkv@smejmnw.com,5275909018103910,F481903008O
kgxick@ohkdnqi.com,5472903953498295,S456182215C
vhhqck@ytccena.com,5591840117413453,K978614420H
vmqsrc@dbjgkdj.com,5462955861271976,O693737362B
vbxrym@qqoecpg.com,5401436817362494,2896715999W
npvrps@bsbpjvf.com,5523953170153560,P524130503X
xwtesp@krxzhoh.com,5594788645550139,C505973266J
jyrmxl@gxfytpo.com,5291335526596447,V703050437I
ospeot@orckszi.com,5298478126184207,X538184325Y
sqxwvm@jkoafxe.com,5252725899640037,X635853235R
xhybrj@bebxpne.com,5310246801287692,Q508763682P
qjbkhs@ivrnkso.com,5510993684627233,Q71044841513
wqcmxb@rqryfek.com,5552624555589108,G128467006O
ycqnsp@sgzjbmv.com,5316007544279113,Q617088295Y
xnxllf@fattjqj.com,5281955042857072,A867311639C
rpysjq@ojxnowz.com,5112543110972828,R362464084D
ozovci@rdsdcpg.com,5476323000479535,V285416080V
mmkjwm@ykspgpc.com,5348474856292385,L315967220H
ucbhyx@rcfvocx.com,5186986000845441,W929757102S
ovtgbh@fperkex.com,5343367796346383,V460132141E
oqyion@dwziokc.com,5118204687738225,O943930047X
svzvgd@btyjrql.com,5383103196508582,B402275103T
ajofvj@oauprzr.com,5244924498677133,J506338454P
hkyggn@jpdjhbg.com,5161619088655403,H704994801K
twsgdr@vkkxjzg.com,5203657562810565,P888320312G
kgiykk@kvypoaq.com,5237375442524906,12609232020M
kydiok@ckcjpuq.com,5140976642067780,14443596302B
ekkndr@ycrwora.com,5504640653842214,P958445977I
ppgkvf@erbesoz.com,5437311650161717,G981184965Y
pseaxo@hkdmbaq.com,5326222846387641,C187865723I
tdozje@vkhjvte.com,5180107499479271,X251745974H
znwrsh@jfzlzjx.com,5128866220194070,G4358444856
dtrokf@xzmhkuo.com,5301240375097679,C707849470K
xhgtrj@erysyrv.com,5505511105962125,N442356035S
xdzhyp@pvjybck.com,5182625639087181,Y943506306Y
xjhvmv@zjyzowk.com,5469440491031515,E216759731Y
evtwza@mivjejl.com,5365877834416454,Q530796561L
czpjcs@dkelpyj.com,5154329816290106,F5315606714
czxroc@errefbe.com,5254346070041396,H75428756412
cjaihx@xjrrhjj.com,5243914744848761,Y346538962Y
fvxppf@ovtdctj.com,5177286192173830,J125142015Q
ahjvgr@rxtfxpf.com,5120900590334244,16181998567E
ghoydd@djbcxae.com,5161373342897027,D884284403N
boppei@xhukjqj.com,5533179463247178,O209564721M
spdbho@cygsbog.com,5441620183206573,I596007338O
keckkq@pcmwkpb.com,5577615496403103,S476252016D
tqgfob@hbvovtv.com,5486655017449235,106578056192
djjqaj@dtlgswn.com,5184942531941136,J844249799O
jbpcwd@dypsmtr.com,5178164780118930,W774084827V
nhjxhc@wrxvgbt.com,5516838372737410,Q636321063R
xyqcxk@jimskar.com,5495984727427623,H671725531R
dhxjpe@krgcacn.com,5171775912633210,K733429133X
xkhrpb@iwznruj.com,5536443943364293,J24758193515
josxxe@eobmnrx.com,5517462585407965,D589725714C
criksk@tfdeexy.com,5303253282852019,Q923611745J
zxdayb@pjgznfq.com,5442040869052077,K978528252F
cstoka@brditkq.com,5183459321108561,Y758662436S
znfvwk@hjbozqh.com,5229639952774684,10448954281T
vbhaqo@rbacvkq.com,5201431119701368,F222198619W
rtquqk@mkrsrhc.com,5230842712998349,M348158990R
hbmqhf@hrbeqfp.com,5378318489145465,3991884561Z
xpbqos@zixjotd.com,5475576460923380,P881275499W
crgbvp@djkohee.com,5302983306709297,Y4777839107
qtmvjz@tupqjoj.com,5409230956506389,M855587222Z
qzrdxj@sjpozwy.com,5479537527744215,A823487065C
